post,BC,CB,ZA,AM,WE,FO,ME
Omzet,270.4659,449.9890,215.9981,385.3788,1060.4510,88.19342,41.14496
Kosten,202.7307,327.7946,142.0518,245.4721,701.7731,56.56528,24.72223
EBITDA,120.8495,214.1490,105.8031,199.9120,535.5235,51.20254,26.07672
WINST,114.0516,193.8695,92.5060,160.7297,478.2119,47.46856,31.87797
Belasting,8.94368,15.58919,72.5973,13.11479,35.96343,32.39173,15.75308
Dividend,7.37462,13.45341,6.79201,12.03944,31.57759,34.14001,1.910571
